0,1,2,3,4,5,6,7,8
,,,,,,,,
,,,,,,,,
Gross Domestic Product At 2010 Constant Basic Prices (%),,,,,,,,
,,,,,,,,
,,,,,,,,
,2023,,,,,2024,,
,Q1,Q2,Q3,Q4,Total,Q1,Q2,Q3
ACTIVITY SECTOR,,,,,,,,
,,,,,,,,
AGRICULTURE,-0.8992042070448347,1.500778868537922,1.2960619135363283,2.102939656460401,1.1283674975119062,0.18315053790520786,1.4080889819743536,1.1427097894420202
       1. Crop Production,1.9341912533249017,1.8234456789345543,1.345671699792983,2.4351269508439133,1.8810111954584263,1.7090297925002496,1.647807424441683,1.1807378078098951
       2. Livestock,-30.572499991055967,-2.3027553092662023,1.182110037666595,-2.0903133009647967,-8.614405265243263,-23.291744631294687,-1.7069781497163872,1.0302945509844896
       3.  Forestry,1.2420345172847735,1.8790163764124346,2.2112345678934497,1.6923456789345481,1.766901057865633,2.7267364006386074,2.774350700226935,2.2315926207080894
       4.  Fishing,-2.9193168146501858,0.2891485561179019,-2.3349785633078657,-0.11901584398422704,-1.3579648856713034,-1.4431503004092572,0.3826466504176729,-1.9079429478689791
MINING AND QUARRYING,-3.9592379171405123,-12.158615398858597,-1.9632620919917465,8.044117604901224,-2.844628780626357,6.303438078363088,7.787311947253106,3.265423203747897
       5. Crude Petroleum and Natural Gas,-4.206722845172117,-13.429728435636356,-0.8493716634882409,12.11312057788978,-2.215171174701891,5.700189709233183,10.14748115269839,5.171133491640201
       6. Coal Mining,1.1893665270761522,-15.73140311156922,58.025163303715786,-26.34700751683218,-11.56532031360512,-62.9296345407533,-51.826110872340614,-63.5616874449652
       7.  Metal Ores,52.55908597921475,65.56347384271145,69.75728346594074,-17.392820568662216,50.32038814358071,114.34520262848702,58.122905284312296,21.827497907706707
       8. Quarrying and Other Minerals,0.23257296885319523,39.17778557248401,-35.37706820347696,-40.92525151719926,-24.77085105656227,-60.95855308510669,-51.32223657162132,-73.98245664107779
MANUFACTURING,1.6096443073691624,2.1993853099164795,0.48129885066334754,1.378104592050211,1.4046229952340061,1.4937699326090126,1.277482073900238,0.9238743088460177
       9.  Oil Refining,-35.84139684013255,-35.56210176231397,-37.01234540054348,-35.33113725944842,-35.812842968482116,-33.37714279576357,-35.408045931793794,-32.385802225475544
       10. Cement,1.575576167271553,3.3388209458904416,4.2027006524048005,3.258728698429114,3.077475152920961,2.052099946836794,1.7369742183486414,2.303087587937269
"       11. Food, Beverage and Tobacco",3.903252634042831,4.327990075746535,0.9152498299174194,2.931789548960162,3.0254550928244806,2.623710006335167,2.2906505390292153,1.7647287825059088
"       12. Textile, Apparel and Footwear",-3.6811323543561536,-4.379038524979584,-2.7469580859628806,-1.6838309830848552,-3.060061628864208,-1.7512530960903772,-1.957844376259743,-1.8985905332470798
       13. Wood and Wood Products,2.6411257308873504,2.371824518679766,2.2655940736736158,-1.8642811352507005,1.3944086365991426,1.9278147935486878,2.2558834206308775,2.1608561989213237
"       14. Pulp, Paper and Paper  Products",1.5653933791601737,1.4260903414778925,-3.804148219872916,-1.208664498887757,-0.5632849787089667,1.886725900362518,1.29404948193228,-2.0933569156728282
       15. Chemical and  Pharmaceutical Products ,6.219184583867365,6.4081454084047085,6.772525249193406,6.155158263487204,6.401393866681637,2.5514493257771997,2.3516348765400874,3.9694224825440383
       16. Non-Metallic Products,2.4282807358883662,2.154820431295801,2.2210950399724094,-1.1141932872028915,1.4148692146254582,2.3219265793897437,1.5718426419193188,1.7507232221744218
       17. Plastic and Rubber products,1.01451128688812,2.663214800333513,-4.21413620103711,0.9411979301565454,0.17218881614144976,1.5658382937475235,1.2525878852416072,-3.7706443539536116
       18. Electrical and Electronics,-0.8084830609001559,1.0601762373729784,2.788195652318781,3.1475216214171375,1.773036597037625,-0.6149717763434204,0.9757856351472416,2.613354167217685
"       19. Basic metal , Iron and Steel",-0.4565511863244165,2.343390246212418,-0.9559024309799935,-1.1141932872028804,-0.1265252720784149,0.5711410173014686,1.0688642634504752,-1.4179934121645976
       20. Motor vehicles &  assembly,5.406618096714277,-3.9311650321078417,2.866985093530161,4.93291239147593,2.5021484493610524,4.595854214396411,-2.3485826057515147,1.538911915337482
       21. Other Manufacturing,-2.970420840089394,2.367521850805354,-2.116885423487591,-1.1686289753574552,-1.1761016645381428,-0.6233713839651878,1.1751673950333164,1.0688202607629815
"22. ELECTRICITY, GAS ,STEAM AND AIR CONDITIONING SUPPLY",9.526485209402535,6.099336459437921,1.9052872688929856,6.166329742322985,5.562505961418607,-5.429952911463154,5.958644706784999,3.2272517157890146
"23. WATER SUPPLY,SEWERAGE, WASTE MANAGEMENT AND REMEDIATION",5.571675420798328,20.563327420148703,11.934261209882857,7.440198204497861,12.645970468322542,6.954475123162696,8.20445585357692,9.777873050867857
24. CONSTRUCTION,3.273370374377893,3.419401804137401,3.887767211937687,3.6952197960254285,3.5671697613963715,-2.141375353989461,1.045962267666467,2.9148774768547048
25.  TRADE,1.3065519803745929,2.4141250313096663,1.5260533610381488,1.398143952320452,1.6550388764679402,1.2278690428210615,0.7005982592631632,0.6468453160223042
26. ACCOMMODATION AND FOOD SERVICES,3.590957828307184,3.388010996875912,3.566513288370099,3.2770261054824834,3.4630997425765253,2.8034750615608894,2.12553665071189,4.436331288545925
TRANSPORTATION AND STORAGE,9.364554952688597,-50.6432568056156,-35.84828344115155,-29.00327631024392,-30.168034759624483,3.3270461116934547,-13.530554282252726,12.14571858796971
        27.  Road Transport,8.020439805210412,-55.14465942387608,-43.65362663273326,-33.757452264399554,-35.907264215008375,5.581634179574579,-15.87729683154584,17.915751630459596
        28.  Rail Transport & Pipelines,-49.07920725753574,16.877797129566364,18.234567891233986,10.387462049039865,-1.9702515724746572,66.6250739997329,57.13576658194561,19.681256948130432
        29. Water Transport,18.438735429108057,5.357273592965406,7.270762435273137,6.286271906306085,8.380273306599296,4.336747278552067,33.04862117683236,6.419807310402015
        30. Air Transport,19.450848820469236,4.36607909248965,4.201964304014227,-1.6584355305367837,7.37719765720759,-9.48017152316134,-11.173171209542199,-9.911782529673074
        31. Transport Services,7.746882330528915,3.35942973787835,3.884748867987309,3.4248203642957886,4.155065028552629,5.93409573750785,3.4321920738392464,2.6778252319432427
        32. Post and Courier Services,2.3527858690385317,2.386813819030098,-1.5819867035473445,3.0966226620712245,2.0060468991473623,2.401310736777429,1.520164843294336,0.8496590885691546
INFORMATION AND COMMUNICATION,10.315013203333546,8.597467333115771,6.6947880982831,6.32871263080883,7.911589170912969,5.4264524855055285,4.438186046690995,5.924217711145974
          33. Telecommunications & Information Services,11.705888865205495,9.736545766152194,7.737502385548112,6.932333447331573,8.90267171481025,6.22632514105359,5.167290363008137,6.7814446977533915
"          34.  Publishing,  ",2.4102981148619085,2.5448743281653474,3.095261497770596,3.890894741876627,2.987823719484717,1.4876265485295859,-0.5188131009412844,1.7592889572559445
"          34. Motion Pictures, Sound recording and  Music production    ",2.682315834139204,-1.9891500904159143,-1.0145270803726514,3.759027941274651,1.064045935503577,1.751455837278315,-0.18450184501844769,-0.1711695040710559
       36. Broadcasting,6.29820488207633,5.697417255519177,3.179494800864835,2.97039497568663,4.663408393395452,2.244114275507192,1.520164843294336,2.3129198729990863
"37.ARTS, ENTERTAINMENT AND RECREATION",5.471330919911943,2.5381939101484896,4.45209932566919,4.126854630180188,4.275992891566216,4.436184971131474,1.7926655452433549,4.743467037907134
FINANCIAL AND INSURANCE,21.372681166338324,26.844478613751967,28.213865455154785,29.776037549752754,26.53297736017617,31.23849278017392,28.793961952691816,30.832758456848232
         38. Financial Institutions,24.96111307830102,29.234777074498375,29.6607610852188,31.435389704368678,28.85701499305995,33.297463039861896,30.36822805346886,31.922167994588936
       39. Insurance,-8.0084410858288,7.3114599035993155,15.208080539472114,8.270061898227432,4.821955702487668,8.338220290604049,13.301206248675035,19.811881308194668
40. REAL ESTATE,1.6991112130363417,1.8716860582259631,1.899211478513485,1.3359581905849627,1.6751913808489949,0.8379989200004045,0.7541588921525566,0.6844672070665414
"41. PROFESSIONAL, SCIENTIFIC AND TECHNICAL SERVICES",3.0812378624862635,2.8890604174969026,2.1539533813647926,1.7925466794727951,2.4258568481095644,1.010590448819304,1.337776825993764,1.357470210529188
42. ADMINISTRATIVE & SUPPORT SERVICES,-4.637382842053139,1.9791065365689642,2.7700258839936653,1.6093369372041533,0.6231573831015025,-1.5266369469958518,1.3194931773899077,2.4013072951239556
43. PUBLIC ADMINISTRATION,2.028003663518918,2.180806400585067,2.0518278103546006,2.1836064328931037,2.119086633489431,2.0933413100467035,1.8459873577218344,2.533719516849242
44. EDUCATION,0.7212904566660239,1.4174594105773375,1.4487283385378413,1.5960125048648743,1.3087296769089374,1.6204457696670893,1.9197389336980786,2.288543314448055
45. HUMAN HEALTH AND SOCIAL SERVICES,2.4574961447707544,1.9500160272487133,2.9264982288105923,3.734698493239952,2.7849834976633847,2.12261012322148,2.409956485700615,3.255456501136189
46. OTHER SERVICES,-20.05341135995129,1.6924342418220162,0.632898190878195,0.05266190121755443,-5.678381954001277,-18.2686094469113,-12.657382883983948,0.4715198005959431
,,,,,,,,
 GDP at 2010 constant price,2.3094764209617535,2.507551814256881,2.543921161159024,3.464191804816519,2.740469426318648,2.9754942773865034,3.1924666044742755,3.4640263959518913
Net Indirect Taxes on Products,9.080831186009263,15.272862623699801,33.91863894258125,-10.900252296781387,10.773390976930997,-10.344523103368408,-11.75557673221056,-11.76877880307442
GDP Constant Market Price,2.395746420984457,2.6480281333739253,3.0871468984057016,3.2099466656324127,2.8602149907127394,2.7947121286091114,3.007738684094452,3.1214030869863407
